epoch,aux_up_1_loss,aux_up_2_loss,learning_rate,loss,main_out_accuracy,main_out_loss,val_aux_up_1_loss,val_aux_up_2_loss,val_loss,val_main_out_accuracy,val_main_out_loss
0,0.7551731467247009,0.7646087408065796,0.0010000000474974513,1.2541618347167969,0.20152778923511505,0.7991708517074585,0.749622106552124,0.7394753694534302,1.1558579206466675,0.4856748580932617,0.7081140279769897
