epoch,aux_up_1_loss,aux_up_2_loss,learning_rate,loss,main_out_accuracy,main_out_loss,val_aux_up_1_loss,val_aux_up_2_loss,val_loss,val_main_out_accuracy,val_main_out_loss
0,0.7564353942871094,0.7532853484153748,0.0010000000474974513,1.2491543292999268,0.2869172990322113,0.7959230542182922,0.7160189151763916,0.6990835070610046,1.1287105083465576,0.7308998107910156,0.7024862766265869
