epoch,aux_up_1_loss,aux_up_2_loss,learning_rate,loss,main_out_accuracy,main_out_loss,val_aux_up_1_loss,val_aux_up_2_loss,val_loss,val_main_out_accuracy,val_main_out_loss
0,0.7345103025436401,0.7205971479415894,0.0010000000474974513,1.1847350597381592,0.300672709941864,0.7468114495277405,0.6914341449737549,0.6880472898483276,1.1006892919540405,0.3553810119628906,0.6865061521530151
