epoch,accuracy,iou,learning_rate,loss,val_accuracy,val_iou,val_loss
0,0.7232658267021179,0.2470427006483078,0.0010000000474974513,1.062283992767334,0.6365737915039062,0.3182868957519531,1.230675220489502
