epoch,accuracy,iou,learning_rate,loss,val_accuracy,val_iou,val_loss
0,0.723278820514679,0.24707908928394318,0.0010000000474974513,1.0628154277801514,0.6421394348144531,0.32106971740722656,1.2291715145111084
