epoch,accuracy,iou,learning_rate,loss,val_accuracy,val_iou,val_loss
0,0.23476333916187286,0.10059493780136108,0.0010000000474974513,1.4995067119598389,0.0167999267578125,0.005638822913169861,1.5771377086639404
