epoch,aux_up_1_loss,aux_up_2_loss,learning_rate,loss,main_out_accuracy,main_out_loss,val_aux_up_1_loss,val_aux_up_2_loss,val_loss,val_main_out_accuracy,val_main_out_loss
0,0.7276703715324402,0.7176050543785095,0.0010000000474974513,1.1800130605697632,0.3057584762573242,0.7454240918159485,0.6903743743896484,0.6888868808746338,1.1010812520980835,0.3834667205810547,0.6871541142463684
