epoch,aux_up_1_loss,aux_up_2_loss,learning_rate,loss,main_out_accuracy,main_out_loss,val_aux_up_1_loss,val_aux_up_2_loss,val_loss,val_main_out_accuracy,val_main_out_loss
0,0.7377426028251648,0.7606292366981506,0.0010000000474974513,1.2427022457122803,0.19709034264087677,0.7954793572425842,0.6911653280258179,0.7200349569320679,1.1268203258514404,0.52813720703125,0.7063471674919128
