{
  "args": {
    "model": "ghost_cas_unet_v2",
    "name": "smoke_v2_final",
    "seed": 42,
    "gpu": -1,
    "epochs": 1,
    "batch_size": 8,
    "lr": 0.001,
    "patches_train": 2,
    "patches_val": 2,
    "resolution": [
      256,
      256
    ],
    "prob_lesion": 0.5,
    "filters": [
      32,
      64,
      128,
      256
    ],
    "ghost_ratio": 2,
    "dropout": 0.15,
    "no_aspp": false,
    "no_ds": false
  },
  "iou": {
    "iou_class_0": 0.006151984267056629,
    "iou_class_1": 0.014113932865964065,
    "iou_class_2": 0.0003698224852071006,
    "mean_iou": 0.006878579872742597
  },
  "dice": {
    "dice_class_0": 0.012228737533203027,
    "dice_class_1": 0.02783500434921943,
    "dice_class_2": 0.0007393715341959334,
    "mean_dice": 0.013601037805539463
  },
  "params": 1937485
}