epoch,accuracy,binary_iou,learning_rate,loss,val_accuracy,val_binary_iou,val_loss
0,0.7209228277206421,0.49200841784477234,0.0010000000474974513,0.5888627767562866,0.9999847412109375,0.7696878910064697,0.48157644271850586
