epoch,accuracy,learning_rate,loss,val_accuracy,val_loss
0,0.553153395652771,0.0010000000474974513,0.9185231924057007,0.9778156280517578,0.6796333193778992
