epoch,aux_up_1_loss,aux_up_2_loss,learning_rate,loss,main_out_accuracy,main_out_loss,val_aux_up_1_loss,val_aux_up_2_loss,val_loss,val_main_out_accuracy,val_main_out_loss
0,0.7564331293106079,0.7533666491508484,0.0010000000474974513,1.2493023872375488,0.2869172990322113,0.7960558533668518,0.7292841672897339,0.714563250541687,1.139970064163208,0.777679443359375,0.7053436040878296
1,0.6790046691894531,0.6760238409042358,0.0010000000474974513,1.0746870040893555,0.6427885293960571,0.6678802967071533,0.6889975070953369,0.6911908984184265,1.1036880016326904,0.7401351928710938,0.6898508667945862
